metric,unit,before_median,after_median,delta,before_p95,after_p95,before_min,before_max,after_min,after_max,before_mad,after_mad,allowed_deterioration,within_tolerance
renderer.store-module-import,ms,21,20.900000005960464,-0.09999999403953552,22.600000001490116,23.600000001490116,20.5,22.600000001490116,20.200000002980232,23.600000001490116,0.5,0.7000000029802322,10,True
tasks.100.coldIndexMonthMs,ms,0.10000000149011612,0.10000000149011612,0.0,0.20000000298023224,0.20000000298023224,0.09999999776482582,0.20000000298023224,0,0.20000000298023224,3.725290298461914e-09,0.09999999403953552,3,True
tasks.100.uncachedMonthMs,ms,0.10000000149011612,0.10000000149011612,0.0,0.20000000298023224,0.20000000298023224,0.09999999776482582,0.20000000298023224,0.09999999403953552,0.20000000298023224,3.725290298461914e-09,0.0,3,True
tasks.100.lookup100Ms,ms,0,0,0,0,0,0,0,0,0,0,0,3,True
tasks.100.summary100Ms,ms,0,0,0,0,0.10000000149011612,0,0,0,0.10000000149011612,0,0,3,True
tasks.100.unchangedRefreshMs,ms,1.4000000022351742,1.3000000044703484,-0.09999999776482582,2.900000002235174,2.9000000059604645,1.3999999985098839,2.900000002235174,1.2000000029802322,2.9000000059604645,3.725290298461914e-09,0.09999999403953552,3,True
tasks.1000.coldIndexMonthMs,ms,0.5,0.3999999985098839,-0.10000000149011612,0.5,0.5,0.19999999925494194,0.5,0.29999999701976776,0.5,0.0,7.450580596923828e-09,3,True
tasks.1000.uncachedMonthMs,ms,0.30000000074505806,0.29999999701976776,-3.725290298461914e-09,0.3999999985098839,0.4000000059604645,0.19999999925494194,0.3999999985098839,0.20000000298023224,0.4000000059604645,0.0,7.450580596923828e-09,3,True
tasks.1000.lookup100Ms,ms,0,0,0,0,0,0,0,0,0,0,0,3,True
tasks.1000.summary100Ms,ms,0,0,0,0,0.10000000149011612,0,0,0,0.10000000149011612,0,0,3,True
tasks.1000.unchangedRefreshMs,ms,1.3999999985098839,1.3999999985098839,0.0,1.6000000014901161,1.7000000029802322,1.300000000745058,1.6000000014901161,1.2999999970197678,1.7000000029802322,0.09999999776482582,0.10000000149011612,3,True
tasks.10000.coldIndexMonthMs,ms,1.199999999254942,1.2000000029802322,3.725290298461914e-09,1.300000000745058,1.4000000059604645,1,1.300000000745058,1,1.4000000059604645,0.09999999776482582,0.10000000149011612,3,True
tasks.10000.uncachedMonthMs,ms,0.19999999925494194,0.20000000298023224,3.725290298461914e-09,0.3999999985098839,0.5,0.19999999925494194,0.3999999985098839,0.19999999552965164,0.5,0.0,0.0,3,True
tasks.10000.lookup100Ms,ms,0,0,0,0,0,0,0,0,0,0,0,3,True
tasks.10000.summary100Ms,ms,0,0,0,0.10000000149011612,0.10000000149011612,0,0.10000000149011612,0,0.10000000149011612,0,0,3,True
tasks.10000.unchangedRefreshMs,ms,1.699999999254942,1.5999999940395355,-0.10000000521540642,1.800000000745058,1.7999999970197678,1.5,1.800000000745058,1.3999999985098839,1.7999999970197678,0.10000000149011612,0.09999999403953552,3,True
